{"count":1,"self":14769.355161599999,"total":24515.4846946,"children":{"AgentSendState":{"count":11703334,"self":681.2023296,"total":1683.3844219999999,"children":{"CollectObservations":{"count":42025509,"self":413.7346816,"total":413.7346828,"children":null},"CollectDiscreteActionMasks":{"count":42025509,"self":74.1809856,"total":74.1809881,"children":null},"AgentInfo.ToProto":{"count":42025509,"self":219.9474688,"total":514.26642959999992,"children":{"GenerateSensorData":{"count":42025509,"self":294.3189504,"total":294.31895929999996,"children":null}}}}},"DecideAction":{"count":11703334,"self":8025.0667008,"total":8025.0668430999995,"children":null},"AgentAct":{"count":11703334,"self":35.211904,"total":35.2119048,"children":null},"AgentInfo.ToProto":{"count":106311,"self":1.1059725,"total":2.4645893,"children":{"GenerateSensorData":{"count":106311,"self":1.3586167999999998,"total":1.3586167999999998,"children":null}}}},"gauges":{"ML8.CumulativeReward":{"count":106311,"max":65,"min":-1,"runningAverage":22.2014732,"value":39,"weightedAverage":33.4803429}},"metadata":{"timer_format_version":"0.1.0","start_time_seconds":"1591898490","unity_version":"2019.3.6f1","command_line_arguments":"C:\\Program Files\\Unity\\Hub\\Editor\\2019.3.6f1\\Editor\\Unity.exe -projectpath C:\/Files\/workspace\/SnakeAI -useHub -hubIPC -cloudEnvironment production -hubSessionId fed62350-ab88-11ea-973c-9994d4076a50 -accessToken 6SjMy8rpL_jnsQpknZa1Li6wDYkSiAxxghuMi5e3aoc011f","communication_protocol_version":"1.0.0","com.unity.ml-agents_version":"1.0.2-preview","scene_name":"02.training","end_time_seconds":"1591923005"}}