{"count":1,"self":9485.2317184,"total":39052.881585999996,"children":{"AgentSendState":{"count":6176434,"self":544.257792,"total":15579.957939799999,"children":{"CollectObservations":{"count":22133433,"self":302.4987648,"total":302.4987721,"children":null},"CollectDiscreteActionMasks":{"count":22133433,"self":40.9996928,"total":40.9996927,"children":null},"AgentInfo.ToProto":{"count":22133433,"self":156.2895744,"total":14692.2016816,"children":{"GenerateSensorData":{"count":22133433,"self":417.48948479999996,"total":14535.912110399999,"children":{"CameraSensor.GetCompressedObservation":{"count":22133433,"self":14118.4221184,"total":14118.422625899999,"children":null}}}}}}},"DecideAction":{"count":6176434,"self":13582.589952,"total":13582.5898993,"children":null},"AgentAct":{"count":6176434,"self":18.6772912,"total":18.6772915,"children":null},"AgentInfo.ToProto":{"count":101547,"self":1.2913333999999999,"total":386.4251289,"children":{"GenerateSensorData":{"count":101547,"self":3.24531,"total":385.13379549999996,"children":{"CameraSensor.GetCompressedObservation":{"count":101547,"self":381.8884864,"total":381.8884854,"children":null}}}}}},"gauges":{"ML9.CumulativeReward":{"count":101547,"max":62,"min":-1,"runningAverage":10.0307779,"value":16,"weightedAverage":20.2184334}},"metadata":{"timer_format_version":"0.1.0","start_time_seconds":"1592037749","unity_version":"2019.3.6f1","command_line_arguments":"C:\\Program Files\\Unity\\Hub\\Editor\\2019.3.6f1\\Editor\\Unity.exe -projectpath C:\/Files\/workspace\/SnakeAI -useHub -hubIPC -cloudEnvironment production -hubSessionId 310c8470-ad34-11ea-90b7-c3e92989ab4f -accessToken AsRQnsaaX_aSX65lE5YVHcpKroRIwFPPa_JAxPzFg8M011f","communication_protocol_version":"1.0.0","com.unity.ml-agents_version":"1.0.2-preview","scene_name":"03.training-render","end_time_seconds":"1592076802"}}